key,bg_BG
loadout.prestige.title,Избери Вариация на Режим
upgrades.shieldbattleelectroblast.title,Електро Взрив
properties.orchard.battleshieldhp,Сила {} hp
options.keybindings.action.general.move,Движение
options.video.stretchmode.rezised,Преоразмеряване
level.gameover.unlock.world,Нов свят е отключен!
upgrades.blastminingwaterless.desc,"Не използва вода за произвеждане, но отнема повече време."
properties.blastmining.growthtime,Време за произвеждане {} цикъла
properties.laser.stun,Сила на Зашеметяване {}
exhibition.level.instruction,"Наитсни някой клавиш, за да продължиш да играеш!"
pause.godot,Направено с Godot
upgrades.orchardjetpack2.desc,"Increase the fruits speed boost, letting you move even faster."
upgrades.artillery.title,Артилерия
upgrades.condenser.desc,"Добавя машина под купола, която бавно произвежда вода чрез кондензация."
properties.lift.keeperupwardsspeed,Скорост на Личен Асансьор {}
level.tutorial.fullscreen.continue,продължи
upgrades.dome1damagereduction2.title,Заздравяване 2
upgrades.orchardduration2.title,Продължителност 2
upgrades.condenserautoovercharge.title,Auto Overcharge
upgrades.keeper2pinballreflectdamage2.title,Reflection Damage 2
loadout.title,ИЗБЕРИ СВОЯТ СТРОЕЖ
level.tutorial.teleporter_2,"Използвай Телепортиращата Станция, за да се телепортираш до Телепорта и обратното."
options.keybindings.action.general.up,Нагоре
loadout.secondstage.cancel,Отмяна
properties.keeper.domefuel,Добавено гориво {}
properties.shield.battleactivateondepletion,Активира умението при изчерпване на щита
loadout.difficulty.veryeasy,Обикновен
properties.sword.reflectprojectilesexplosive,Reflected Energy Projectiles are explosive
upgrades.swordlargeblade3.title,Тежко Острие 3
upgrades.orcharddrill2.title,Mining Boost 2
loadout.prestige.normal.description,"Изпращай ресурси извън света, за да придобиеш авторитет сред пазителите."
upgrades.keeper2pinballreflectdamage1.desc,Reflected spheres will deal much more damage to the rock they hit next.
options.input.gamepad,Геймпад
loadout.choices.locked,Не е отключено все още.
upgrades.condenserspeed1.desc,"Намалява необходимото време, което е нужно за кондензирането на една вода."
upgrades.shieldbattleinvulnerable.desc,Trigger an active combat ability that makes your dome invulnerable for a short time.
upgrades.domewavemeter.desc,Показва време до следващата атакуваща вълна на извънземни форми.
upgrades.keeper2pinballreflectspeedup2.title,Превъзхождащо Отразяване
upgrades.keeper2movement1.desc,"Подобрява твоят гравитационен генератор, за да се движиш по-бързо."
upgrades.repellentoverchargeduration2.desc,"After overcharging, the battle ability will last longer in the next wave."
upgrades.laserhitprojectiles.desc,Оцелването на вражески изстрели с лазера веднага ги изпарява.
options.keybindings.action.keeper.pickup,Вземане
upgrades.keeper2pinballdamage1.desc,Improve the damage the kinetic sphere deals to rocks upon impact. Also improves rotational mining damage.
upgrades.keeper2pinballdamage3.title,Kinetic Sphere Damage 3
options.video.graphicsmode.enablevsync,Включи VSync
options.translation.community,{completion}% завършено
loadout.difficult.harder,по-трудно
worldmodifier.resourcerichiron.desc,Този свят има много желязо.
loadout.miner.fuel,Enable the need to refuel your keepers movement aggregate with water.
upgrades.prestigeiron.title,Изпрати Желязо
upgrades.stunlaserspeed1.desc,Зашеметяващия лазер се движи по-бързо.
upgrades.keeper2pinballdamage2.desc,Improve the damage the kinetic sphere deals to rocks upon impact. Also improves rotational mining damage.
upgrades.drill1.title,Сила на Бургията 1
upgrades.prospectionmetersand2.title,Кобалтов Компас
upgrades.dome1health1.desc,Перманентно увеличава структурната здравина на твоя купол.
title.navbar.newgame,Нова Игра
properties.repellent.overchargeduration,Increase Repellent production speed for {} cycles
properties.sword.retractspeed,Скорост на Събиране {} 
upgrades.lasermove3.desc,Максимална скорост на лазера.
upgrades.stunlaser.title,Зашеметяващ Лазер
options.keybindings.action.general.use,Използвай
worldmodifier.monsterfeeble.desc,"Чудовищата са по-слаби, нанасяйки по-малко щети"
upgrades.shield.desc,"Монтира щит, който ще поема част от щетите.
Презарежда се автоматично."
options.video.stretchmode.rezised.text,"Рисува играта в резолюцията на екрана или на прозореца.
Ще изглежда остро, но може има визуални грешки от рода на линии, широки 1 пиксел."
upgrades.orchardbattlerootingexplosion.desc,"Trigger again to cause all trapped monsters to explode, dealing damage around them."
loadout.mapsize.small,Малък
upgrades.probe.desc,"Добавя сонда към твоя костюм, която при задействане изпраща импулс, който разкрива ресурсите наблизо. Трябва да се презареди на станцията под купола."
upgrades.swordlongblade1.desc,Монтира по-дълго и по-пъргаво острие.
upgrades.dome1health1.title,Живот 1
upgrades.blastminingwaterless.title,Безводни Бомби
level.tutorial.assessor.carry,Гравитационно Събиране
upgrades.liftspeed1.desc,Сферите се движат по-бързо.
upgrades.shieldstrength1.desc,Увеличава колко щети щита може да поеме.
upgrades.orchardbattleshieldsecondlayer.title,Двуслоен Щит
upgrades.teleporterteleportresourcescooldown.desc,Портала може да телепортира ресурси по-често.
options.input.gamepad.autoswitch,автоматична засичане на предпочитан геймпад
level.gameover.unlock.modifiers,Изменения на света са отключени!
properties.sword.slicebrake,Загубване на Скорост при Сечене {.percent}
loadout.prestige.normal,Обикновен
properties.sword.sliceacceleration,Скорост на Меча {}
options.input.gamepad.gamepadstickdeadzone.text,"Задай стойност, така че лентата да не мига ако само докосваш стиковете, без да ги натискаш.
Ако натиснеш стиковете, лентата трябва да примигва, докато движиш стика."
options.accessibility.highlightmonsters.explanation,Изрисува ярко очертание около чудовища за по-добра видимост.
properties.upgrade.gameover,Приключи Играта
upgrades.blastminingstickycharge.title,Лепкави Тунелни Бомби
upgrades.shieldoverchargestrength2.title,Презаредена Сила на Щита 2
upgrades.blastminingblast2.desc,Допълнително увеличава пробива на бомбата.
upgrades.repellentbattlestrongerslowdown2.title,Бездействие
upgrades.converter.desc,"Can convert resources, helping you balance your resource inventory."
level.gameover.continue,Продължи
upgrades.repellentbattleslowdown.desc,Spray a numbing mist during battle that slows all monsters down.
loadout.mapsize.medium.description,Средна по размер карта за правилна минна сесия.
properties.orchard.overchargeadditionalbuffduration,{} cycles additional buff duration after overcharge
options.translation.community.title,Превод от Общността
upgrades.blastminingtriple.title,Тройна Бомба
worldmodifier.hardnessextremes.desc,Има много екстремно здрави камъни и много екстремно меки камъни.
level.station.battle.navbar.exit,Излез
upgrades.keeper2pinballlifetime2.title,Kinetic Sphere Lifetime 2
upgrades.minoriron.desc,"Изпрати желязо извън този свят, за да вдигнеш престижа си."
properties.dome.autohealamount,Repair {} hp
upgrades.migration.title,Миграция
upgrades.converterefficientcobalt.title,Efficient Cobalt Conversion
upgrades.shieldbattledestructionprevention.desc,"Gain a long period of invulnerability when your dome is about to be destroyed.
After that, your shield does not charge for the next battle. Last stand can only be triggered again after 2 completed waves.
"
upgrades.drill1.desc,"Увеличава силата на бургията, за да копае по-бързо."
level.gameover.retry,Започни нова игра
properties.orchard.overchargeduration,Fruit growth speed doubles for {} cycles
upgrades.dome2health1.title,Живот 1
level.tutorial.station.popup_4,"След това натисни |, за да влезеш в режим на битка и да се защитаваш."
level.gameover.stats.timeplayed.unit,мин
upgrades.repellentbattlestrongerslowdown2.desc,The mist slows monsters even more and lasts for longer.
loadout.gadgetoptions.title,Избери своята главна Джаджа!
level.tutorial.station.popup_2,"Придвижи се до станцията и натисни |, за да влезеш в нея."
upgrades.dome1damagereduction1.desc,"Втвърдява повърхонстта на купола, за да понася по-малко щети от ръчни удари на чудовища. Щети от изстрели на чудовища не са засегнати."
level.tutorial.station.popup_1,Твоят купол е атакуван!
upgrades.keeper2movement3.title,Гравитационно Придвижване 3
upgrades.jetpackspeed1.desc,"Подобрява реактивната раница, за да лети по-бързо."
properties.converter.ironwatertime,{} цикли Време за Преобразуване
level.tutorial.sworddome.slicing.desc,"Колкото по-бързо се движи меча, толково повече са щетите от сеченето."
upgrades.liftorbs.desc,Монтира допълнителна повдигаща сфера.
upgrades.proberecharge.desc,Сондата ще се презарежда бавно самостоятелно през времето.
loadout.gadget,ДЖАДЖА
upgrades.drill4.title,Сила на Бургията 4
properties.probe.rechargetime,Време за Пълно Презареждане {} цикъла 
upgrades.keeper2pinballdamage4.title,Kinetic Sphere Damage 4
options.game,Игра
loadout.prestige.cobalt,Фиксиран Кобалт
options.input.vibration.strength,Сила на вибрацията
upgrades.liftcapacity1.desc,Сферите могат да носят повече ресурси.
loadout.miner.title,Choose Your Run Options
level.gameover.stats.difficulty,Трудност
upgrades.repellentoverchargestrength2.title,Overcharge Wave Delay 2
upgrades.domesandrepairstrong.title,Силна Кобалтова Поправка
upgrades.stunlaserduration1.desc,Зашеметяващият лазер се охлажда по-бързо и стреля за по-дълго.
level.gameover.prestige.score.rankimproved,Ти подобри ранк си към {rank}.
upgrades.stunlaserdamage2.desc,Увеличава щетите нанасяни от зашеметяващия лазер.
upgrades.drillbotstrength4.title,Сила 4
level.gameover.prestige.title,ПРЕСТИЖ ЗАВЪРШЕН
options.keybindings.action.general.back,Отказ
upgrades.laseraimline.desc,"Add targeting sights to the laser, showing where it is aiming."
leaderboard.global,Глобално
upgrades.condenserdoublestorage.desc,Кондензатора ще произвежда и складира две води преди да спре да работи.
upgrades.swordreflection2.title,Отблъскване 2
leaderboard.season,Сезон {season}
upgrades.drill2.desc,"Увеличава силата на бургията, за да копае по-бързо."
properties.laser.hitprojectiles,лазера оцелва изстрели на врагове
upgrades.dome1damagereduction1.title,Заздравяване 1
properties.sword.stabexplosivedamage,Щети от Бомба {}
upgrades.drillbotturnaround.title,Advanced Conditioning
upgrades.keeper2movement1.title,Гравитационно Придвижване 1
properties.orchard.battleroots,Grow {} Roots on the ground
upgrades.prospectionmeterrange2.title,Обхват 2
upgrades.jetpackspeed4.title,Скорост 4
loadout.prestige.miner,Миньор
upgrades.repellentdelay2.desc,Допълнително забавя следаващата вълна на чудовища.
upgrades.orchard.desc,Plant a tree in the dome that grows fruits to buff your movement and mining power.
upgrades.artilleryflakexplosionradius1.title,Flak Radius 1
upgrades.shieldbattleelectroblast.desc,Trigger an active combat ability that creates a deadly field effect around your dome for a short time.
upgrades.shredgadgettocobalt.desc,Нарежи джаджата и получи {amount} кобалт.
upgrades.prestigecobalt.title,Изпрати Кобалт
properties.orchard.drillbuff,Mining Strength Buff {}
upgrades.swordlargeblade2.desc,"Монтира масивно острие. То е по-бавно, но нанася тежки щети."
level.converter.popup.cancel,Назад
level.gameover.back,Назад
options.keybindings.action.dome.fire,Стреляй 
upgrades.swordstabshoot.title,Копие
upgrades.blastminingtriple.desc,Произвежда 3 малки заряди вместо един голям.
upgrades.orcharddrill1.title,Mining Boost 1
upgrades.swordextendlong2.title,Дълго Намушкване 2
upgrades.artilleryshotcooldown1.desc,Стреляй по-често.
upgrades.keeper2pinballdamagefraction.title,Kinetic Sphere Hardness Transcendence
upgrades.doublelaser.title,Два Лазера
upgrades.jetpackspeed3.title,Скорост 3
upgrades.prestigewater.title,Изпрати Вода
properties.orchard.battleabilityuses,Ползвания всяка Битка {}
upgrades.liftorbs.title,Сфери 1
upgrades.repellentoverchargeduration1.title,Overcharge Battle Ability Duration 1
upgrades.drill3.desc,"Увеличава силата на бургията, за да копае по-бързо."
level.gameover.prestige.uploading.inprocess,казване на резултат ...
loadout.abort,Назад
properties.shield.overchargestrength,Презаредена Сила {}hp
level.station.navbar.upgrades,Подобрения
upgrades.keeper2pinballsplit.desc,"Разделя идващи сфери на две, изстрелвайки ги перпендикулярно на оригинала."
upgrades.proberecharge.title,Автоматично Презареждане
properties.sword.stabrange,Обхват {} 
upgrades.liftspeed1.title,Скорост
upgrades.domewavecount.desc,"Монтира брояч на цикли, който показва колко вълни си оцелял."
level.converter.popup.title,Преобразувай Ресурси
pause.discord,Ела в нашия Discord
options.cancel,Назад
upgrades.prospectionmeterrange1.desc,Increases the detection range of the prospection meter.
upgrades.dome2badrepair1.desc,"Твоят купол се поправя автоматично, ако претърпи много щети през битка."
upgrades.prestigecobalt.desc,"Изпрати обратно Кобалт, увеличавайки множителя на точки, който получаваш всяка вълна."
upgrades.domesandrepairstrong.desc,"Поправи щети по купола си, използвайки кобалт."
loadout.skinoptions.title,Избери своя Скин!
loadout.difficulty.medium.description,Предназначената трудност.
loadout.difficulty.veryeasy.description,"Все още не лесно, но много по-релаксирано от другите трудности."
options.game.tutorials,Уроци
upgrades.orchardbattlerootingmore.desc,Grow more roots that last longer.
upgrades.probepersist1.title,Запомняща Проба
upgrades.keeper2pinballmorespheres2.title,Запас на Сфери 2
upgrades.orchardjetpack3.desc,"Increase the fruits speed boost, letting you move extremely fast."
upgrades.probe.title,Проба
upgrades.sword.title,Меч
properties.shield.battledestructionprevention,Допълнителна Продължителност {}s
upgrades.shieldbattlereflect.title,Отблъскване
pause.gamepadcontrols.use,Използвай
properties.laser.dpsmod,Damage Modifier {.percent}
upgrades.condenserdoublestorage.title,Двойно Съхранение
upgrades.relichunt.desc,"Намери реликвата, която е заровена дълбоко и я върни в купола си."
loadout.mapsize.unlock.description,"Win a run with the previous map size, to unlock this map size."
properties.sword.stabdamage,Щети от Намушкване {} 
properties.keeper1.drillstrength,Сила на Бургията {}
worldmodifier.mapwildbiomes.desc,Регионите са много направилни.
upgrades.condenser.title,Кондензатор
upgrades.dome2badrepair2.title,Възстановяване на Удар 2
options.game.screenshake.shakewhenmining,Разклащане При Копаене
upgrades.repellentdelay2.title,Забавяне 2
level.tutorial.assessor.reflect.desc,"Натисни|, за да отбълснеш идващи кинетични сфери за много кратко време."
properties.drillbot.buffamount,Енергизиране Пробиващи {} удара
upgrades.laserstrength2.title,Сила 2
upgrades.jetpackstrength3.title,Сила на Носене 3
options.keybindings.action.general,Общи
level.gameover.unlock.gadgetability,Ново Умение на Джаджа
upgrades.jetpackstrength1.desc,"Подобрява реактивната раница, за да носи повече ресурси."
upgrades.artillerymultishot1.desc,Изстрелва повече гранати с всеки изстрел.
properties.sword.reflectprojectiles,Reflect Energy Projectiles
upgrades.stunlaser.desc,"Монтира лазер, който автоматични се прицелва и зашеметява малки чудовища."
upgrades.orchardbattleshieldstrong.desc,The projectile shields are stronger. Also gain an additional ability use after using overcharge.
upgrades.orchardjetpack1.desc,"Increase the fruits speed boost, letting you move faster."
upgrades.laser.desc,"Точен лазер, който се движи по купола. Оригинално предназначен за копаене на астероиди."
properties.shield.maxstrength,Сила {} hp
options.keybindings.action.keeper,Защитник
worldmodifier.resourceunpredicatablecobalt.desc,Кобалта е по-разпръснат и по-труден за предсказване.
title.navbar.quit,Напусни Играта
options.keybindings.rebinding.error.gamepad,"Не може да се зададе, като въвеждане от геймпад"
upgrades.repellentbattleslowdownstun1.desc,"Use volatile spores in the mist to stun monsters, stopping them in their tracks for a short time."
upgrades.swordfastreflection.title,Ускорено Отразяване
upgrades.stunlaserduration2.title,Fire Endurance 2
level.gameover.lose.title,КУПОЛЪТ Е ИЗГУБЕН
worldmodifier.resourcescatterediron.desc,"Има повече залежи на желязо, но те са по-малки."
properties.laser.dps,Щети {}
options.game.screenshake.shakeintensity,Интензивност
worldmodifier.hardnessharder.desc,Има повече по-твърди скали в мината.
options.video.stretchmode,Режим на Разтягане
worldmodifier.monsterhealthy.desc,Чудовищата имат повече живот.
level.gameover.stats.mapsize,Размер на Картата
loadout.mode.longtime,Дълги Цикли
upgrades.swordreflection3.desc,Максимален размер на защитната подложка.
upgrades.repellentbattleslowdownstun2.desc,Използва спорите по-често и зашеметява чудовищата за по-дълго.
upgrades.teleporterteleportresourcesarea.title,Обхват на Телепортиране
upgrades.shieldoverchargeduration2.desc,Your shield battle ability will be active even longer in the next wave after overcharging.
upgrades.shieldoverchargestrength1.title,Презаредена Сила на Щита 1
upgrades.drillbotbuffstrength1.desc,Treats energize Drillbert for longer.
upgrades.orchardoverchargebuffduration.title,Overcharge Buff Duration
level.tutorial.assessor.spheres.desc3,Презарежда силата си с всеки отскок.
loadout.mode.longtime.desc,"Имаш двойно повече време между вълните, но те са по-трудни."
level.tutorial.assessor.spheres.desc2,"Избери посока и пусни, за да изстреляш сферата."
upgrades.laserstrength1.desc,"Подобрява силата на лазера, но той ще се движи по-бавно докато стреля."
level.tutorial.assessor.spheres.desc1,"Задръж|, за да заредиш кинетична сфера."
upgrades.jetpackstrength4.title,Сила на Носене 4
upgrades.migration.desc,"Мигрирай от свят на свят, събирайки ресурси и реликви от тях, преди да бъдеш победен."
upgrades.orcharddrill1.desc,"Increase the fruits mining boost, letting you mine faster."
upgrades.keeper2pinballdamage3.desc,Improve the damage the kinetic sphere deals to rocks upon impact. Also improves rotational mining damage.
options.accessibility.highlightmonsters,Очертай Чудовищата
upgrades.prestigecobaltnocobalt.title,Изпрати Кобалт
properties.keeper2.spherebasedamage,Sphere Base Damage {}
upgrades.orcharddrill3.desc,"Increase the fruits mining boost, letting you mine extremely fast."
properties.converter.cobalttoiron,{} кобалт към едно желязо
level.tutorial.repair.usecobalt,"Можеш да използваш кобалт, за да поправиш купола си. Ъпгрейд е в технологичното дърво на купола."
upgrades.blastminingimpactdetonation.title,Детонация при Удар
upgrades.swordfastreflection.desc,Отразените изстрели излитат обратно по-бързо.
upgrades.liftcapacity1.title,Капацитет
upgrades.artillery.desc,Worms Bazooka.
properties.sword.electricdamage,Electrified Sword Damage {}
level.station.upgrademenu.close,Затвори
properties.shield.overchargebattleabilityduration,Допълнителна Продължителност на Умение {.percent}
pause.title,ПАУЗА
upgrades.artillerymultishot1title,Chain Shot 1
properties.shield.battleadditionalabilitydurationafterdepletion,Допълнителна Продължителност на Умение {}s
upgrades.orchardbattlerootingexplosion.title,Експлозивна Плячка
upgrades.blastminingproductiontime1.title,Време за Произвеждане
options.video.stretchmode.scaled.text,"Рисува играта във фиксирана резолюция и я разтяга към твоята резолюция.
Може да изглежда пикселизирана, особено в шрифтове, но няма визуални грешки."
upgrades.orchardduration3.title,Продължителност 3
upgrades.domewavecount.title,Брояч на Цикли
upgrades.shredgadgettoiron.title,Нарежи на Желязо
options.keybindings.rebinding.apply,Приложи
options.keybindings.restoredefault,Възстанови Оригинални
upgrades.converterironduplication.title,Iron Duplication
title.navbar.credits,Кредити
level.gameover.unlock.gadget,Нова Джаджа
upgrades.jetpackspeed2.title,Скорост 2
loadout.modeoptions.title,Избери своя Режим на Игра!
properties.keeper2.spherebaselifetime,Живот на Сфера {}
options.video.stretchmode.scaled,Мащабиран
properties.orchard.battleabilityduration,Продължителност на Умение {}s
upgrades.repellentbattleslowdownstun1.title,Парализа
loadout.difficulty.medium,Брутално
options.audio.volumes,Сила на Звуците
upgrades.keeper1.title,Инженер
upgrades.drillbotsleepless.title,Basic Conditioning
upgrades.drillbot.title,Дрилберт
level.tutorial.assessor.carry.desc1,"Задръш|, за да притеглиш ресурси, докато те не са заключени към теб."
level.tutorial.assessor.carry.desc2,"Натисни|, за да пуснеш ресурс."
level.tutorial.drillbot.sleeping1,"Дрилберт заспива след време или когато срещне стена, която не може да изкопае."
level.tutorial.assessor.carry.desc3,"Ако се прицелиш в посока, докато пускаш ресурс, той ще бъде силно ускорен."
level.tutorial.drillbot.sleeping2,"Когато си близо до него, натисни | да го събудиш."
level.tutorial.drillbot.sleeping3,"Можеш да го накараш да се обръща, като натиснеш |, докато той е буден."
properties.keeper2.totalspheres,Сфери {}
upgrades.shieldbattleblastdamage.title,Смъртоносно Зашеметяване
upgrades.domeresourcecounters.desc,Показва текущия брой складирани ресурси.
upgrades.swordextendlong1.desc,Improved stab strength and ability to guide in flight.
worldmodifier.resourcerichwater.desc,Този свят има много вода.
upgrades.drillbotstrength1.desc,Увеличава силата на бургията на Дрилберт.
upgrades.stunlaserautonomy1.desc,"Прост АI ще контролира зашеметяващия лазер, дори когато не си в контролиращата станция."
properties.blastmining.radius,Радиус на експлозия {} плочки
upgrades.jetpackstrength1.title,Сила на Носене 1
options.keybindings.apply,Приложи
upgrades.laserstrength2.desc,"Значително подобрява силата на твоя лазер, но той ще се движи още по-бавно докато стреля."
properties.laser.movespeedwhilefiring,Скорост при Стреляне {.percent}
properties.probe.markerretention,Задържане на Макрери {}сек
upgrades.swordexplosivereflection.title,Експлозивно Отразяване
upgrades.condenserspeed2.desc,"Допълнително намалява необходимото време, което е нужно за кондензирането на една вода."
upgrades.condenserspeed2.title,Скорост на Продукция 2
properties.stunlaser.firetime,Продължителност на Стреляне {}
options.input.gamepad.gamepadstickdeadzone,Мъртва зона на стик
upgrades.keeper2movement2.desc,"Подобрява твоят гравитационен генератор, за да се движиш по-бързо."
upgrades.shieldbattlelongerafterdepletion.desc,The blast will last longer if triggered after your shield runs out.
properties.laser.bend,автоматично прицелване на лазера {}°
level.station.upgrademenu.buy,Купи
properties.drillbot.plantgrowthtime,Treat Growth Time {} cycles
loadout.proceed,Продължи
upgrades.repellentoverchargeduration1.desc,Overcharging your tank will also prolong any repellent battle ability you use in the next wave.
upgrades.artilleryshotcooldown1.title,Cooldown 1
worldmodifier.resourceunpredicatablewater.desc,Водата е по-разпръсната и по-трудна за предсказване.
level.tutorial.blastmining.popup_1,Вземи Бомбата и я пусни където искаш да премахнеш камъни.
ending.thankyoumessage,"Благодарим ти, че игра!"
options.keybindings.rebinding.error.keyboard,"Не може да се зададе, като въвеждане от клавиатурата"
upgrades.keeper2pinballdamagefraction.desc,The kinetic sphere transcends rock hardness and damages the rock by a fixed fraction of its health.
upgrades.swordlargeblade1.title,Тежко Острие 1
upgrades.shredgadgettoiron.desc,Нарежи джаджата и получи {amount} желязо.
upgrades.drillbot.desc,Adopt a loveable creature that loves to dig. Carry it into the mine and drop off where you want it to work. Check back to wake it up when it goes to sleep on the job.
properties.dome.autohealdamagethreshold,Activate on getting more damage than {} hp
upgrades.dome3health1.title,Живот 1
title.navbar.updates.close,Затвори
upgrades.swordaimline.desc,Add a laser sight for aiming the sword stab.
upgrades.shieldoverchargeduration1.title,Overcharge Battle Ability Duration 1
level.converter.popup.explanation,Избери преобразуване на ресурси за започване!
upgrades.drillbotbuff1.title,Лакомства
title.navbar.credits.close,Затвори
upgrades.keeper2movement3.desc,"Подобрява твоят гравитационен генератор, за да се движиш по-бързо."
pause.quittotitlescreen,Напусни към Главния Екран
loadout.prestige.countdown.description,The prestige multiplier starts high and decreases each cycle.
upgrades.drill3.title,Сила на Бургията 3
upgrades.probestage1.title,Подобрена Проба
properties.sword.stabarrowhead,Increase Arrowhead Size
loadout.mapsize.huge.description,Огромна карта за най-дългите игри.
properties.sword.stabspeed,Скорост на Намушкване {.percent} 
level.tutorial.teleporter.take1,Телепорта има станция и портал. Можеш да се телепортираш между тях.
worldmodifier.mapmaze.desc,Мината е лабиринт.
level.tutorial.teleporter.take2,Вземи Портала и го сложи където поискаш.
options.keybindings.action.dome.battleability1,Умение в Битка
upgrades.laserbend.desc,Install a swivel head into the laser that automatically corrects your aim if it comes close.
options.video.graphicsmode.fullscreen,Цял Екран
options.keybindings.action.general.down,Надолу
level.tutorial.assessor.spheres,Кинетични Сфери
level.tutorial.mineraltree1,"Току-що намерихте семе за минерално дърво. То може да порасне в дърво, което се вкоренява в блоковете. Ще порастнат такива ресурси, на каквито плочки с ресурси се е вкоренило.
Пусни го на блок, за да засадиш семето."
upgrades.blastmining.desc,"Монтира машина под купола, която произвежда бомби. Занеси ги в мината и ги пусни, за да се детонират."
properties.sword.stabcooldown,Extend Cooldown {}s 
upgrades.repellentoverchargestrength2.desc,Further increase the delay until the next wave after overcharging.
upgrades.probeswift1.desc,"Смени към бърза с малък обхват сонда, която има много зареждания."
properties.drillbot.buffextraamount,Допълнителни Пробиващи {} удара
level.gameover.unlock.keeper,Нов Защитник
upgrades.prospectionmeter.title,Prospection Meter
upgrades.shieldbattleactivateondepletion.desc,Invulnerability automatically activates an additional time when the shield runs out.
upgrades.dome2badrepair1.title,Възстановяване на Удар 1
upgrades.swordtargetlock.title,Заключи Цел
upgrades.laserhitprojectiles.title,Разтворяване на снаряди
upgrades.keeper2pinballreflectspeedup1.title,Подобрено Отразяване
properties.shield.battleuses,Ползвания всяка Битка {}
options.game.events,Събития
upgrades.artilleryflakexplosionradius1.desc,Flak explosion is larger.
properties.keeper1.speedlosspercarry,Забавяне при Носене {}
options.keybindings.cancel,Назад
level.gameover.unlocknewelementbutton,Избери какво да отключиш
upgrades.prospectionmeteriron2.desc,Показва посоката към най-близкия депозит на желязо.
upgrades.prestige.desc,"Печели точки, като изпращаш вкъщи възможно най-много ресурси преди да загубиш купола си или безопасно напуснеш планетата."
properties.prestige.multiplier,{} Prestige Multiplier per Wave
options.input,Управления
properties.sword.reflectionacceleration,Скорост на Отразени Изстрели {.percent}
loadout.difficult.easier,по-лесно
upgrades.keeper2pinballreflectdamage1.title,Reflection Damage 1
properties.sword.extendspeed,Extend Speed {} 
properties.keeper2.reflectspeedup,Sphere Speedup on Reflection {.percent}
loadout.mode.doubleiron,Двойно Желязо
upgrades.dome3.desc,недостъпно в демо версията
properties.condenser.growthtime,Време за Произвеждане {} цикъла
options.game.languages,Езици
worldmodifier.mapwidebottom.desc,Мината е тънка в началото и става все по-широка в дълбините.
loadout.mode.maze,Лабиринт
upgrades.dome2health1.desc,Перманентно увеличи структурната здравина на твоя купол и го поправи.
properties.drillbot.drillstrength,Сила на Бургията {}
upgrades.keeper2.desc,"Нетрадиционен миньор, който използва експериментални гравитационни технологии."
properties.orchard.battleshields,Слоеве на Щита {}
level.tutorial.sworddome.reflecting.desc,"Use the sword's shield pad to stop projectiles, or even reflect them."
options.audio.volumes.musicvolume,Сила на Музиката
loadout.dome,КУПОЛ
upgrades.swordlongblade2.title,Дълго Острие 2
upgrades.laseraimline.title,Лазерно зрение
level.tutorial.assessor.bundle.desc1,"Hold|while carrying resources, to charge a bundle."
options.keybindings.keyboard,Клавиатура
level.tutorial.assessor.bundle.desc2,"Aim and release to shoot it, the same way you fire a kinetic sphere."
properties.prestige.score,{} Престиж
worldmodifier.mapdeep.desc,Мината е по-дълбока и по-тънка.
upgrades.repellentbattleslowdownstun2.title,Силна Парализа
upgrades.keeper2pinballmorespheres1.title,Запас на Сфери 1
upgrades.prestigewater.desc,"Изпрати обратно Вода, добавяйки 1 към престижа, който получаваш всяка вълна."
properties.keeper2.bundlestopcenter,Center Column Gravity Field
upgrades.stunlaserdamage1.title,Щети 1
upgrades.keeper2pinballlifetime1.title,Kinetic Sphere Lifetime 1
properties.repellent.battleslowdown,Забавяне на Чудовищата {.percent}
upgrades.swordextendlong1.title,Дълго Намушкване 1
level.gameover.stats.distancetravelled,Изминато Разстояние
properties.keeper2.reflectlifetime,Additional Sphere Lifetime on Reflection {}s
upgrades.blastminingimpactdetonation.desc,Бомбата ще експлодира при удар с земята.
properties.keeper2.spheresplit,Split Incoming Spheres
options.keybindings.action.dome.upgrade,Подобрения
worldmodifier.resourcepoorcobalt.desc,Този свят има малко кобалт.
pause.resumegame,Продължи Играта
level.gameover.unlock.difficulty,Нова трудност е отключена!
properties.stunlaser.cooldown,Cooldown {}s
options.keybindings.action.general.right,Надясно
level.tutorial.assessor.mining.desc,"За да премахнеш един камък, може да преместиш кинетичната сфера върху него."
upgrades.teleporterteleportresourcesback.title,Телепортиране на Ресурси
upgrades.dome1.title,Лазерен Купол
upgrades.keeper2bundleinfinite.title,Enduring Bundle
upgrades.repellentdelay1.title,Забавяне 1
upgrades.miner.desc,В светове без чудовища можеш да се концентрираш над изпокаването на колкото си пожелаеш ресурси без разсейвания.
upgrades.repellentbattlestrongerslowdown1.desc,The mist slows monsters more and lasts longer.
upgrades.teleporterteleportresourcesarea.desc,Портала ще телепортира ресурси от по-голяма област от преди.
upgrades.dome3.title,Артилериен Купол
upgrades.swordstabshoot.desc,"Instead of retracting with a cable, the sword charges and is shot from the dome like a javelin."
upgrades.repellentbattledamageovertime.desc,All monsters take a little damage for each second the toxic fumes persist.
upgrades.shieldbattleactivateondepletion.title,Активиране при Изчерпване
upgrades.artillerymultishot2.desc,Изстрелва повече гранати с всеки изстрел.
upgrades.dome1health2.title,Живот 2
worldmodifier.monsterlethal.desc,"Чудовищата са по-смъртоносни, нанасяйки повече щети."
loadout.pet,Любимец
options.keybindings.action,Действие
upgrades.orcharddrill3.title,Mining Boost 3
options.translation.title,ИЗБЕРИ СВОЯ ЕЗИК
upgrades.prospectionmeterrange1.title,Обхват 1
upgrades.dome2badrepair2.desc,"Твоят купол се поправя автоматично, ако претърпи много щети през битка."
options.audio.volumes.ambiencevolume,Атмосферен Звук
upgrades.prestigecobaltnocobalt.desc,"Изпрати обратно Кобалт, увеличавайки множителя на точки, който получаваш всяка вълна."
worldmodifier.maparms.desc,Мината е по-начупена.
loadout.prestige.countdown,Отброяване
upgrades.keeper2pinballdamage2.title,Kinetic Sphere Damage 2
upgrades.jetpackspeed1.title,Скорост 1
upgrades.minerrefuel.title,Презареди
upgrades.teleporterteleportduration1.title,Време за Телепортиране
properties.blastmining.bombs,Бомби {}
loadout.miner.fuel.title,Гориво
exhibition.title.press.anything,"Натисни нещо, за да играеш"
loadout.mode,РЕЖИМ
level.tutorial.sworddome.slicing,Сечи
properties.condenser.autoovercharge,Автоматизирано Презареждане
upgrades.teleporterteleportduration1.desc,Телепортирането ти ще отнема по-малко време.
upgrades.minerwater.title,Изпрати Вода
title.navbar.continue,Продължи
upgrades.orchardbattleshield.desc,Grow a shield that protects the dome from projectiles.
upgrades.liftcarrykeeper1.title,Личен Асансьор 1
options.input.controls.keybindings,Клавишни Комбинации
properties.keeper2.bundlespheres,Bundle Spheres
upgrades.shieldovercharge.title,Презареден Щит
properties.condenser.overchargedelay,Production Delay {} cycles
upgrades.keeper2.title,Оценител
level.tutorial.assessor.mining,Ротационно Копаене
upgrades.repellentoverchargeduration2.title,Overcharge Battle Ability Duration 2
upgrades.swordblade1.title,Подобрение на Сеченето
properties.converter.irontoiron,{} желязо към едно желязо
exhibition.level.description,Връщане към главното меню след ...
level.tutorial.assessor.mining.desc2,"Можеш да спреш да копаеш без да изстрелваш сфера, като първо пуснеш клавишите за посока."
worldmodifier.monsterslow.desc,Чудовищата са по-бавни.
upgrades.orcharddrill2.desc,"Increase the fruits mining boost, letting you mine even faster."
loadout.difficulty.easy.description,По-прощаващ в много аспекти.
upgrades.swordstabexplode.title,Stab Bomb Delivery
level.gameover.stats.additionalgadget,Допълнителна Джаджа
upgrades.drillbotbuffstrength2.desc,"After getting a treat, Drillbert will work far longer before getting sleepy."
upgrades.laserstrength3.desc,"Значително подобрява силата на твоя лазер, но той едва ще се движи, докато стреля."
loadout.mapsize.medium,Среден
loadout.difficulty.hard,Ти го поиска
level.gameover.stats.wavessurvived,"Брой вълни, които си оцелял"
properties.stunlaser.damage,Щети {}
options.keybindings.rebinding.cancel,Отмяна
level.tutorial.sworddome.stabbing.desc,Протегни щита и намушкай далечни врагове.
level.gameover.unlock.gamemodevariant,Нов Вариант на Игрови Режим
upgrades.prestigefinish.title,Напусни Планетата
properties.keeper2.bundleduration,Bundle Lifetime {.percent}
upgrades.laserstrength3.title,Сила 3
options.audio.volumes.mastervolume,Главен Контрол на Звука
upgrades.shieldbattlelongerafterdepletion.title,Depletion Boost
options.keybindings.text,"Edit the control mapping to your liking.
Keys from different sections can generally overlap without issue (like using the same keys to move your keeper and the dome weapon)."
properties.shield.battleblastdamage,{} Blast Damage per second
loadout.mapsize.large.description,Голяма карта за сесии от по повече от един час.
upgrades.drill4.desc,"Увеличава силата на бургията, за да копае по-бързо."
upgrades.drillbotsleepless.desc,Drillbert will work for much longer before getting sleepy.
upgrades.swordlargeblade2.title,Тежко Острие 2
upgrades.swordlongblade2.desc,"Допълнително увеличава скоростта на острието, карайки го да отскача, когато се удари в ръба."
upgrades.prestigefinishnocobalt.title,Напусни Планетата
worldmodifier.hardnessmoderated.desc,Има много малко екстремно здрави или меки камъни.
upgrades.converterironduplication.desc,Multiply iron.
upgrades.prestigefinish.desc,Напусни тази планета и се прибери вкъщи.
upgrades.dome2health2.desc,Перманентно увеличи структурната здравина на твоя купол и го поправи.
upgrades.prestige.title,Престиж
upgrades.liftcarrykeeper1.desc,"Асансьора те ускорява, ако се движиш нагоре в него."
upgrades.repellentbattlehealthreduction.desc,"Отслабва всички настоящи чудовища, моментално намалявайки оставящия им живот."
upgrades.dome2.title,Купол с меч
worldmodifier.monsterfast.desc,Чудовищата са по-бързи.
upgrades.condenserautocollect.desc,"Автоматизирай събирането на вода, премахвайки нуждата да я взимаш ръчно."
upgrades.lift.title,Асансьор
options.game.screenshake,Разклащане на Екрана
options.keybindings.action.dome,Купол
upgrades.swordstabexplodedamage.desc,Увеличи щетите от бомбата.
level.gameover.stats.resourcesmined,Изкопани Ресурси
worldmodifier.resourcepoorwater.desc,Този свят има малко вода.
upgrades.prospectionmeter.desc,A meter showing the distance to the nearest resources. Can be upgraded to also show direction.
upgrades.shredgadgettocobalt.title,Нарежи на Кобалт
upgrades.swordelectrified.desc,"An electric current runs through the blade, dealing damage on touch."
upgrades.artilleryflakexplosionradius2.desc,Flak explosion is larger.
upgrades.prospectionmeterwater1.title,Метър на Вода
upgrades.minerwater.desc,"Изпрати вода извън този свят, за да вдигнеш престижа си."
options.video.graphicsmode,Графичен Режим
upgrades.shieldbattlereflectspeedup.desc,"Отразените изстрели излитат обранто с по-висока скорост, увеличавайки шанса да уцелят атакуващия."
properties.shield.battleblaststun,Blast Stun {}
loadout.mode.hyperactive.desc,"Чудовищата се движат много по-бързо, но имат по-малко живот."
upgrades.swordstabexplode.desc,"The sword delivers a bomb, exploding on the first enemy the sword stabs."
upgrades.swordstabfast2.title,Бързо Намушкване 2
upgrades.converterefficientwater.desc,"Water conversion becomes more efficient, but takes a bit longer."
upgrades.orchardduration1.desc,Ефектите от плода се задържат за по-дълго.
loadout.difficulty.title,Трудност
exhibition.level.heading,Още ли си там?
level.gameover.unlock.gamemode,Нов Игрови Режим
loadout.prestige.miner.description,Concentrate on the most efficient mining in a world without monsters. Lasts 20 cycles.
leaderboard.friends,Приятели
upgrades.repellentbattlehealthreduction.title,Гниене
upgrades.teleporterteleportreactivate.title,Реактивиране на Личен Телепорт
loadout.miner.scores,"Изпращай ресурси извън планетата с ракета, за да постигнеш най-висок резултат след 20 цикъла. Същото като престиж, но без чудовища."
options.audio,Аудио
upgrades.repellentovercharge.desc,Use water to overcharge your tank to produce the next load of repellent faster.
upgrades.domewavemeter.title,Hostile Proximity Meter
upgrades.prospectionmeterrange2.desc,Further increases the detection range of the prospection meter.
upgrades.keeper2pinballreflectspeedup1.desc,"Spheres are powered when reflected, which will accelerate them and let them float for longer upon reflection."
upgrades.shieldoverchargestrength1.desc,Увеличава колко щети презаредения щит поема.
upgrades.repellentdelay1.desc,Удължава забавянето на следващата вълна на чудовища.
upgrades.repellentbattlelongerhealthreduction.title,Разлагане
upgrades.swordtargetlock.desc,"When stabbed, the sword automatically locks on to the first monster it targets."
upgrades.orchardovercharge.desc,"Use water to overcharge your orchard, making it faster to produce a fruit."
upgrades.orchardbattlerootingmore.title,Здрави Корени
upgrades.swordextendlong2.desc,Further improved stab strength and more precise control in flight.
upgrades.swordstabfast1.title,Бързо Намушкване 1
upgrades.probelong1.desc,"Increases the range of the probe ping, but lose a charge slot."
upgrades.repellent.title,Репелент
worldmodifier.monsterwavesspaced.desc,Вълните от чудовища са по-разпръснати.
upgrades.artilleryflakexplosionradius2.title,Flak Radius 2
properties.drillbot.amount,Пробиващи {} удара
upgrades.repellentdelay3.title,Забавяне 3
ending.appreciationmessage,"Надяваме се, че сте си прекарали добре! Винаги оценяваме обратната връзка, кажи ни какво мислиш в Discord или Steam Forums :)"
properties.orchard.battlerootexplosion,Explosion damage {}
upgrades.orchardduration3.desc,Максимална дължина на ефекта от плода.
upgrades.dome1damagereduction2.desc,"Втвърдява допълнително повърхонстта на купола, за да понася по-малко щети от ръчни удари на чудовища. Щети от изстрели на чудовища не са засегнати."
properties.orchard.speedbuff,Move Speed Buff {}
upgrades.jetpackspeed2.desc,"Подобрява реактивната раница, за да лети по-бързо."
upgrades.jetpackspeed3.desc,"Подобрява реактивната раница, за да лети по-бързо."
options.accessibility.critters.explanation,"Премахни червея, буболечката или паяко-подобни същества, които са в мината чисто визуално."
pause.options,Настройки
properties.repellent.battledamageovertime,Чудовищата понасят {} щети всяка секунда
upgrades.repellentoverchargestrength1.title,Overcharge Wave Delay 1
upgrades.repellentoverchargestrength1.desc,Overcharging also increases the delay time until the next wave.
upgrades.blastminingproductiontime1.desc,Намалява необходимото време за създаване на бомба.
properties.teleporter.teleportresourcescooldown,Време за Телепортиране на Ресурси {}сек
upgrades.artilleryflakmultishot1.desc,Стреляй повече снаряди.
properties.converter.ironcobalttime,{} цикли Време за Преобразуване
options.title,НАСТРОЙКИ
options.video.graphicsmode.window,Прозорец
properties.shield.battlereflectspeedup,Скорост на Отразени Изстрели {.percent}
upgrades.swordaimline.title,Прицелваща Линия
level.tutorial.drillbot.handling1,"Задръж |, за да вдигнеш Дрилберт отново."
upgrades.probestage1.desc,"Подобрява сондата, правейкия я като цяло по-добра."
level.tutorial.drillbot.handling2,"Натисни |, за да му смениш посоката, ако е на земята."
options.keybindings.rebinding.capture,Улови
properties.prospectionmeter.range,Обхват {} плочки
properties.stunlaser.speed,Скорост {}
properties.probe.impulsespeed,Скорост на Импулс {}
upgrades.domehealthmeter.title,Измервач на Здравина
options.audio.music.frequency,Честота (цикли без музика)
options.audio.volumes.soundvolume,Сила на Звука
properties.sword.slicebounceback,Меча Отскача от Ръбове
upgrades.jetpackspeed4.desc,"Подобрява реактивната раница, за да лети по-бързо."
worldmodifier.monsterfragile.desc,Чудовищата имат по-малко живот.
level.gameover.prestige.score.personalbest,Твоят нов личен рекорд!
properties.prestige.baseperwave,{} Основен Претиж за всяка Вълна
loadout.choices.comingsoon,"Не е достъпно, но ще дойде скоро."
upgrades.doublelaser.desc,"Монтира втори лазер, но разделя силата на стреляне между двата."
upgrades.jetpackstrength2.title,Сила на Носене 2
upgrades.keeper2bundlestopcenter.title,Гравитационнен Център
properties.keeper2.spherelifetimeperbounce,Additional Sphere Lifetime per Bounce {}s
upgrades.converterefficientcobalt.desc,"Cobalt conversion becomes very efficient, but takes a long time."
properties.orchard.buffduration,Buff Duration {} cycles
upgrades.domesandrepair.title,Кобалтова Поправка
properties.keeper2.maxspeed,Top Speed {}
level.station.upgrademenu.cost,Цена
upgrades.lasermove1.title,Скорост 1
level.tutorial.sworddome.reflecting,Отблъсквай
loadout.petoptions.title,Избери своя Любимец!
level.station.upgrademenu.inventory,Инвентар
level.gameover.unlockpicker.title,ИЗБЕРИ ТВОЕТО ОТКЛЮЧВАНЕ
level.gameover.proceedtounlock,Отключва нов елемент
upgrades.artilleryshotcooldown2.desc,Стреляй по-често.
level.gameover.keepgadget.title,Избери Джаджа да Задържиш за Следващата Игра
level.station.battle.navbar.shoot,Стреляй
upgrades.repellentbattlestrongerslowdown1.title,Застой
upgrades.dome2.desc,"Мощен купол, екипиран с динамичен меч, който пазителите могат да овладеят и да доминират нападатели."
loadout.difficulty.easy,Трудно
upgrades.condenserautocollect.title,Автоматично Събиране
upgrades.orchard.title,Овощна градина
upgrades.keeper2pinballreflectspeedup2.desc,Spheres are intensely powered up when reflected.
upgrades.laserstrength1.title,Сила 1
upgrades.lasermove2.title,Скорост 2
upgrades.shieldbattlereflectshortuses.desc,Reflect more often for a shorter amount of time.
options.keybindings.action.keeper.drop,Пускане
level.converter.popup.conversion.to,към
upgrades.repellent.desc,"Install a tank that produces a monster repelling liquid. Activate to spray it outside the dome, delaying the next wave of attackers."
properties.repellent.battlehealthreduction,Намаляване на Живота на Чудовища {.percent}
loadout.mode.hyperactive,Бързи & Слаби
upgrades.miner.title,Миньор
upgrades.converter.title,Resource Converter
properties.condenser.waterstorage,Складира {} вода
upgrades.jetpackstrength2.desc,"Подобрява реактивната раница, за да носи повече ресурси."
level.station.navbar.exit,Излез
options.accessibility.photosensitivity.explanation,Намалява мигащите светлини.
properties.orchard.overchargeadditionalabilityuses,{} additional ability uses after overcharge
worldmodifier.resourcepooriron.desc,Този свят има малко желязо.
level.gameover.backtomainmenu,Обратно към главното меню
upgrades.orchardbattlerooting.desc,Activate in battle to grow roots outside the dome that will trap any medium sized monster stepping on them.
upgrades.keeper2pinballreflect.desc,"Reflect spheres with a high powered, small gravity field around yourself."
upgrades.laser.title,Лазер
options.game.tutorials.resettutorials,Анулирай Уроци
properties.converter.ironirontime,{} цикли Време за Преобразуване
loadout.secondstage.start,Започни Игра
upgrades.artilleryflakmultishot2.desc,Стреляй повече снаряди.
upgrades.swordreflection2.desc,Още по-голяма защитна подложка.
upgrades.lasermove3.title,Скорост 3
upgrades.lasermove1.desc,Лазерът се движи по-бързо.
properties.lift.orbs,{} Сфери
level.station.battle.navbar.move,Движение
upgrades.orchardjetpack2.title,Jetpack Speed Boost 2
options.audio.music,Музика
worldmodifier.resourceunpredicatableiron.desc,Залежите на желязо са по-разпръснати и по-трудни за предказване.
properties.dome.maxhealth,Живот {}hp
upgrades.condenserspeed1.title,Скорост на Продукция 1
properties.repellent.battleuses,Ползвания всяка Битка {}
upgrades.shieldstrength2.desc,Допълнително увеличава колко щети щита може да поеме.
upgrades.drillbotbuffstrength2.title,Taurine Addition
upgrades.keeper2pinballreflectdamage2.desc,Reflected spheres will deal much more damage to the rock they hit next.
level.paused,Паузирано
level.tutorial.sworddome.stabbing,Намушквай
upgrades.stunlaserspeed1.title,Скорост 1
upgrades.domehealthmeter.desc,Показва структурната здравина на купола.
upgrades.swordlargeblade1.desc,"Прави острието по-широко и по-дълго, нанасяйки повече щети."
pause.quitgame,Напускан на Играта
level.station.battle.navbar.slice,Сечи 
level.gameover.stats.timeplayed,Играно Време
properties.teleporter.teleportresources,Телепортиране на Ресурси
upgrades.drillbotstrength2.desc,Увеличава силата на бургията на Дрилберт.
level.tutorial.drop.popup_2,"Натисни | за да пуснеш един. Задръж, за да пуснеш много."
level.gameover.keepgadget.keeping,Джаджа за задържане: {gadget}
level.tutorial.drop.popup_1,Носените ресеурси те забавят.
worldmodifier.maprugged.desc,Мината е груба и неправилна.
level.tutorial.onewayteleporter1,Ти току-що намери еднопосочен телепорт!
properties.sword.aimline,Aim Prediction
upgrades.keeper2bundle.desc,"Attached minerals can be shot as a bundle, in the same way you shoot kinetic spheres."
level.tutorial.onewayteleporter2,"Натисни |, за да поставиш окото."
level.tutorial.onewayteleporter3,"Натисни отново, за да се телепортираш обратно до него."
properties.lift.capacity,Сферите носят {} ресурса
properties.shield.battleabilityduration,Продължителност на Умение {}s
level.tutorial.teleporter.carry2,"Задръж |, за да вдигнеш портала, когато си близо до него."
level.tutorial.teleporter.carry3,"Ако натиснеш |, ще се телепортираш обратно."
upgrades.minerrefuel.desc,"Трансформира вода в гориво, пълнейки склада за гориво в купола, за да можеш да презаредиш своя пазител."
level.tutorial.teleporter.carry1,"Можеш да преместиш портала, където си поискаш."
pause.gamepadcontrols.back,Назад
level.tutorial.probe.popup_1,"Натисни |, за да издадеш импулс на сондата."
upgrades.liftcarrykeeper2.desc,Асансьорът ще те ускорява още повече.
level.tutorial.probe.popup_3,"Разкрива ресурсите наблизо.
Презареди обратно на станцията."
worldmodifier.resourcerichcobalt.desc,Този свят има много кобалт.
upgrades.keeper2pinballdamage4.desc,Improve the damage the kinetic sphere deals to rocks upon impact. Also improves rotational mining damage.
properties.sword.stabexplosive,Tip Bomb Mounted
properties.drillbot.turnaround,Обръща се при стигане до твърда стена
upgrades.shieldstrength1.title,Сила 1
properties.repellent.overchargewavedelay,Допълнително Забавяне на Вълна {} cycles
upgrades.swordreflection3.title,Отблъскване 3
upgrades.dome1.desc,"Стандартен миньорен купол, оборудван с прецизен лазер."
level.tutorial.drillbot.carry,"Вземи Дрилберт от танка му и го сложи в мината, където той ще копае."
upgrades.lift.desc,"Монтира автоматизиран асаньор, който ще донася изкпоани ресурси нагоре към купола."
upgrades.dome1health2.desc,Перманентно увеличава структурната здравина на твоя купол.
upgrades.converterefficientwater.title,Ефективно Преобразуване на Вода
loadout.difficulty.hard.description,Твой е Купола да го губиш.
upgrades.artillerymultishot2.title,Chain Shot 2
upgrades.swordelectrified.title,Наелектризирано Острие
upgrades.drillbotstrength3.desc,Увеличава силата на бургията на Дрилберт.
upgrades.shieldbattleinvulnerable.title,Неуязвимост
upgrades.keeper2rotationalmining2.title,Подобрено Ротационно Копаене
upgrades.stunlaserautonomy1.title,Автономност
level.tutorial.teleporter.teleport1,"Когато си близо до портала, натисни | за да се телепортираш обратно."
level.tutorial.teleporter.teleport2,Можеш да се телепортираш и в другата посока.
level.gameover.prestige.uploading.failed,"качването неуспешно, пробване отново"
upgrades.lasermove2.desc,Лазерът се движи още по-бързо.
loadout.mapsize.title,Размер на Картата
level.gameover.miner.title,МИНЬОРСКИ РЪН ЗАВЪРШЕН
upgrades.blastminingblast1.title,Пробив 1
upgrades.drillbotturnaround.desc,"When meeting an indestructible wall, Drillbert will turn around instead of taking a nap."
properties.dome.baserepair,Поправи {}hp
upgrades.condenserautoovercharge.desc,"Keeps your primary gadget permanently overcharged, without using up water. Condenser water production will be delayed after overcharging."
upgrades.teleporterteleportresourcesback.desc,"The portal now teleports resources, but can't teleport you back anymore. You can still teleport from the dome to the portal."
ending.wishlistonsteam,Пожелай в Steam
properties.sword.reflection,Увеличи Размера на Защитната Подложка
upgrades.drillbotduplicate.desc,Дрилберт получава близнак - Дрилиам.
level.converter.popup.conversion.convert,преобразува
leaderboard.loading,зареждане...
properties.converter.watertoiron,{} вода към едно желязо
title.navbar.options,Настройки
upgrades.swordexplosivereflection.desc,"Отразените изстрели експлодират, когато ударят нещо."
upgrades.shieldbattlereflectshortuses.title,Временно Отразяване
level.gameover.unlock.skin,Нов скин отключен!
level.gameover.stats.destroyedblocks,Разрушени Блокове
options.keybindings.action.keeper.gravityball,Зареди Изстрел
upgrades.orchardjetpack1.title,Jetpack Speed Boost 1
upgrades.keeper1.desc,Квалифициран и ефективен професионалист с отлични миньорски умения.
properties.laser.movespeedmod,Move Speed Modifier {.percent}
upgrades.shieldstrength3.title,Сила 3
upgrades.orchardoverchargebuffduration.desc,The fruit effects will last for longer after overcharging the orchard.
upgrades.stunlaserduration1.title,Fire Endurance 1
loadout.mode.maze.desc,"Картата е подобна на лабиринт, с много разклонения, задънени части и много усуквания."
properties.dome.healthfractionrepair,Поправи {.percent} от всичкото hp
upgrades.jetpackstrength3.desc,"Подобрява реактивната раница, за да носи повече ресурси."
options.input.gamepad.gamepadstickdeadzone.motiondetected,засечено движение:
upgrades.prospectionmetersand1.title,Метър на Кобалт
upgrades.prospectionmeterwater1.desc,Показва разстоянието до най-близкия депозит на вода.
upgrades.blastminingstickycharge.desc,"Залепя бомбата за първата стена, която докосне и взривява тунел вместо радиуса около бомбата."
options.video,Графики
title.navbar.updates,Ъпдейти
loadout.skin,Скин
upgrades.shieldstrength2.title,Сила 2
level.gameover.win.title,ТВОЯТ КУПОЛ Е СПАСЕН
level.station.navbar.battle,Битка
upgrades.converterirontocobalt.desc,Allows converting cobalt to iron and vice versa.
upgrades.keeper2rotationalmining2.desc,"Увеличава щетите ротационното копаене нанася, надминавайки твърдостта на скалите."
level.gameover.unlock.dome,Нов Купол
pause.gamepadcontrols.pickup,Вдигни
options.video.graphicsmode.photosensitive,Режим на Фоточувствителност
upgrades.orchardduration2.desc,Effects of the fruit last even longer.
properties.dome.meleedamagereduction,Намаляване на Щети от Ръчни Удари {.percent}
upgrades.domesandrepair.desc,"Поправи щети по купола ти, използвайки кобалт."
options.input.controls,Управления
properties.keeper2.spherereload,Sphere Reload {}s
properties.blastmining.damage,Щети {}
upgrades.laserbend.title,Въртяща се Глава
upgrades.swordlargeblade3.desc,"Чудовищно острие. Много мощно, но бавно движещо се."
loadout.domeoptions.title,Избери своя Купол!
upgrades.shieldoverchargeduration1.desc,Overcharging your shield will also prolong any shield battle ability you use in the next wave.
upgrades.probelong1.title,Широк Обхват
options.keybindings.rebinding.inputprocessor,Натисни нов клавиш за това действие …
properties.teleporter.teleportduration,Време за Телепортиране {}сек
upgrades.dome2health2.title,Живот 2
upgrades.drillbotduplicate.title,Брат
pause.quit.popup,"Сигурен ли си че искаш да напуснеш?
Натисни отново, за да го направиш.
(прогреса ти е запазен)"
upgrades.prospectionmetersand2.desc,Displays the direction to the nearest cobalt deposits.
upgrades.probepersist1.desc,"Add a memory module to the probe, marking the location of resources for longer."
upgrades.artilleryshotcooldown2.title,Cooldown 2
properties.keeper2.sphereadditionalfirsthitdamage,Additional First Hit Damage {.percent}
upgrades.shieldbattledestructionprevention.title,Последен Напън
level.gameover.unlock.pet,Нов любимец отключен!
upgrades.repellentbattlelongerhealthreduction.desc,Prolongs and strengthens the withering of all present monsters.
ending.feedbackondiscord,Обратна връзка в Discord
properties.keeper2.reflectnexthitdamage,Additional Sphere Damage on Reflection for Next Bounce {.percent}
options.video.graphicsmode.borderlesswindow,Прозорец без Рамка
upgrades.keeper2pinballlifetime2.desc,"Stabilize the kinetic sphere, so it will float for longer."
level.gadgetchoice.title,ИЗБЕРИ ДЖАДЖА!
upgrades.keeper2bundle.title,Bundle Shot
upgrades.relichunt.title,Търсене на Реликва
loadout.mode.doubleiron.desc,"Находищата на желязо са двойно по-богати, но също така ъпгрейдите струват двойно повече желязо."
level.tutorial.repair.findcobalt,"Пробвай се да намериш кобалт. Можеш да поправиш купола си с него.
Той е рядък и ограничен."
upgrades.keeper2pinballsplit.title,Split Spheres
options.input.controls.text,Най-добре играно с Геймпад.
landing.proceed,"Натисни нещо, за да продължиш"
upgrades.keeper2pinballmorespheres1.desc,"Add an additional module to your gravity generator, so it can corral more kinetic spheres."
upgrades.jetpackstrength4.desc,"Подобрява реактивната раница, за да носи повече ресурси."
upgrades.orchardbattleshieldsecondlayer.desc,Grow another layer of projectile shields.
level.converter.popup.conversion.time,за {time} цокъла
properties.keeper1.maxspeed,Максимална Скорост {}
properties.laser.aimline,Прицелваща Линия
upgrades.shieldstrength3.desc,Допълнително увеличава колко щети щита може да поеме.
upgrades.repellentovercharge.title,Overcharge Repellent
properties.drillbot.buffstrength,Energized Speedup {.percent}
worldmodifier.hardnesssofter.desc,Има повече по-меки камъни в мината.
level.tutorial.pickup.popup_1,"Натисни |, за да вдигнеш ресурс."
level.tutorial.pickup.popup_3,"Задръж, за да вдигнеш много."
pause.gamepadcontrols.drop,Пусни
level.tutorial.fruit.popup_1,Your orchard just grew its first fruit.
level.tutorial.fruit.popup_2,"Когато си до него, натисни |, за да го консумираш."
worldmodifier.mapwide.desc,Мината е по-широка и по-плитка.
upgrades.prestigefinishnocobalt.desc,Напусни тази планета и се прибери вкъщи.
upgrades.prospectionmeteriron2.title,Компас към Желязо
upgrades.keeper2movement2.title,Гравитационно Придвижване 2
options.keybindings.gamepad,Геймпад
ending.backtomainmenu,Обратно към главното меню
level.tutorial.fullscreen.back,назад
upgrades.shield.title,Щит
upgrades.blastmining.title,Бомби
upgrades.converterirontocobalt.title,Cobalt Conversion
upgrades.swordstabfast1.desc,Намушквай по-бързо и по-често.
level.gameover.prestige.score.rankunchanged,Няма промяна в ранка.
options.accessibility.critters,Изключи Създания
upgrades.teleporterteleportreactivate.desc,Порталът придобива обратно способността си да те телепортира.
upgrades.orchardjetpack3.title,Jetpack Speed Boost 3
level.gameover.unlock.mapsize,Нов размер на картата е отключен!
upgrades.domeresourcecounters.title,Инвентар
level.gameover.keepgadget.none,без
upgrades.stunlaserdamage1.desc,Adds a small amount of damage to the stun laser.
properties.repellent.battleabilityduration,Продължителност на Умение {}s
upgrades.prestigeiron.desc,"Изпрати обратно Желязо, добавяйки 1 към престижа, който получаваш всяка вълна."
upgrades.teleporter.title,Телепорт
ending.teasemessage,Малка подсказка на какво има да дойде:
loadout.relichunt.modifiers,Избери своите Промени
options.accessibility,Достъпност
loadout.mapsize.small.description,Малка карта за малки сесии.
upgrades.shieldbattleblastdamage.desc,Увеличава щетите и ефекта на зашеметяването на електро взрив.
options.translation.community.desc,"Тези езици са преведени от нашата прекрасна общност. Присъедини се към тях, ако искаш!"
upgrades.prospectionmeterwater2.desc,Показва посоката към най-близкия депозит на вода.
upgrades.stunlaserdamage2.title,Щети 2
options.keybindings.action.keeper.gadget1,Джаджа 1
options.keybindings.action.keeper.gadget2,Джаджа 2
properties.repellent.wavedelay,Забавяне на Вълна {} цикъла
options.ok,ОК
upgrades.swordblade1.desc,Увеличава силата на сечене и скоростта на твоя меч.
upgrades.shieldoverchargeduration2.title,Overcharge Battle Ability Duration 2
properties.sword.slicedamage,Щети от Сечене {} 
properties.condenser.autocollect,Автоматично Събиране
properties.keeper2.directminingdamage,High Rotational Mining Damage
upgrades.keeper2bundlestopcenter.desc,"Shot bundles will stay right under the dome, instead of flying past the central axis."
upgrades.orchardduration1.title,Продължителност 1
upgrades.drillbotbuffstrength1.title,Лакомства
upgrades.liftcarrykeeper2.title,Личен Асансьор 2
upgrades.shieldoverchargestrength2.desc,Допълнително увеличава колко щети презаредения щит поема.
upgrades.repellentbattleslowdown.title,Debilitate
upgrades.artilleryshotprediction.title,Предсказване на Изстрел
upgrades.repellentdelay3.desc,Удължава забавянето на следващата вълна на чудовища.
upgrades.teleporter.desc,A two-way teleporter with a station under the dome and portal that can be placed and moved around the mines.
level.gameover.stats.monsterskilled,Убити Чудовища
upgrades.keeper2pinballreflect.title,Sphere Reflection
upgrades.drillbotstrength3.title,Сила 3
upgrades.shieldbattlereflectspeedup.title,Ускорено Отразяване
upgrades.probeswift1.title,Бърза Проба
options.game.events.enableseasonal,включи сезонно съдържание
upgrades.repellentbattledamageovertime.title,Токсични Изпарения
upgrades.dome3health2.title,Живот 2
loadout.mapsize.huge,Огромен
properties.repellent.overchargebattleabilityduration,Допълнителна Продължителност на Умение {.percent}
options.keybindings.action.keeper.gravitycollect,Зареди Събиране
loadout.miner.scores.title,Резултати
properties.lift.speed,Скорост на Сфери {}
upgrades.drillbotstrength1.title,Сила 1
level.tutorial.repellent.popup_2,"Когато си до него, натисни |, за да го активираш."
level.tutorial.repellent.popup_1,Репелента е готов да забави следващата вълна.
properties.orchard.growthtime,Growth time {} cycles
properties.keeper2.spherefractiondamage,Sphere Damage transcending Rock Hardness {.percent}
properties.sword.brake,Подвижност на Меча {}
upgrades.artilleryflakmultishot2.title,Flak Multi Shot 2
upgrades.swordstabfast2.desc,Намушквай още по-бързо и още по-често.
upgrades.sword.desc,A durable sword that does more damage the further it swings across the dome when slicing. It can be fired to stab monsters and has a shield pad base that blocks projectiles.
upgrades.artilleryflakmultishot1.title,Flak Multi Shot 1
upgrades.artilleryshotprediction.desc,Показва очакваната траектория на изстреляна граната.
upgrades.shieldbattlereflect.desc,Trigger an active combat ability that reflects incoming projectiles for a short time.
upgrades.orchardbattleshieldstrong.title,Здрави Щитове
upgrades.swordlongblade1.title,Дълго Острие 1
level.station.battle.navbar.stab,Намушквай
properties.converter.irontowater,{} желязо към една вода
upgrades.minoriron.title,Изпрати Желязо
upgrades.keeper2bundleinfinite.desc,Bundles will stay stable for a very long time.
worldmodifier.resourcedesc,"Има само няколко залежа на желязо наоколо, но те са много големи."
loadout.keeper,ЗАЩИТНИК
upgrades.drillbotstrength4.desc,Увеличава силата на бургията на Дрилберт.
upgrades.swordstabexplodedamage.title,Щети от Бомба
upgrades.prospectionmeterwater2.title,Компас към Вода
loadout.keeperoptions.title,Избери своя Защитник!
properties.probe.range,{} плочки Обхват
upgrades.orchardbattleshield.title,Projectile Shield
loadout.mapsize.large,Голям
properties.keeper2.reflectsphere,Reflect Incoming Spheres
upgrades.orchardbattlerooting.title,Snare Roots
properties.repellent.growthtime,Време за произвеждане {} цикъла
properties.converter.irontocobalt,{} желязо към един кобалт
upgrades.dome3health1.desc,Перманентно увеличава структурната здравина на твоя купол.
upgrades.teleporterteleportresourcescooldown.title,Teleport Cooldown
upgrades.shieldovercharge.desc,"Използвай вода, за да презаредиш ръчно твоя щит, така че той да поема повече щети в следващата вълна."
upgrades.stunlaserspeed2.title,Скорост 2
upgrades.drillbotbuff1.desc,Treats grow at the nest under the dome. Take them to Drillbert who will happily gobble them up to get energized.
options.keybindings.action.dome.battle,Битка
upgrades.orchardovercharge.title,Overcharge Orchard
properties.teleporter.teleportresourcesarea,Обхват на Телепортиране {} плочки
upgrades.swordreflection1.desc,Увеличи размера на защитната подложка и я направи да отразява изстрелите на враговете.
upgrades.blastminingblast2.title,Пробив 2
upgrades.swordreflection1.title,Отблъскване 1
upgrades.keeper2pinballlifetime1.desc,"Стабилизира кинетичната сфера, така-че тя ще трае по-дълго."
options.keybindings.action.general.left,Наляво
properties.laser.movespeed,Move Speed {}
upgrades.dome3health2.desc,Перманентно увеличава структурната здравина на твоя купол.
upgrades.drill2.title,Сила на Бургията 2
options.keybindings.rebinding,Пренастройване
level.tutorial.assessor.carry.desc1_1,"Веднъж заключени върху теб, те ще те следват дори и когато спреш да натискаш бутон за събиране."
upgrades.keeper2pinballdamage1.title,Kinetic Sphere Damage 1
upgrades.stunlaserspeed2.desc,"Зашеметяващият лазер се движи още по-бързо и следи чудовища, докато се охлажда."
options.keybindings.title,НАСТРОЙВАНЕ НА КОНТРОЛИ
upgrades.keeper2pinballmorespheres2.desc,"Add an additional module to your gravity generator, so it can corral more kinetic spheres."
level.gameover.prestige.uploading.finalfailed,"качването на нов резултат е неуспешно, съжаляваме!"
upgrades.blastminingblast1.desc,Увеличава пробива на бомбата.
upgrades.stunlaserduration2.desc,Зашеметяващия лазер се охлажда по-бързо и стреля по-дълго.
upgrades.prospectionmetersand1.desc,Показва разстоянието до най-близкият депозит на кобалт.
pause.gamepadcontrols.move,Движение
properties.probe.charges,Бомби {}
upgrades.drillbotstrength2.title,Сила 2
loadout.prestige.cobalt.description,"Картата няма кобалт и не можеш да го генерираш, но в началото получаваш достатъчно от него."
